X,Y,Theta,Speed,Steering
0.0,0.0,0.0,0.0,0.0
5.6799550921717055,-0.8675778579235356,0.0,0.05706,-0.034971591805353454
