Steering,Speed
-0.06994318361070691,8.0
0.19004002737768363,5.79266955646588
