X,Y,Theta,Speed,Steering
0.0,0.0,0.0,0.0,0.0
2.0351341762426847,-13.897392490845425,0.0,0.0,-0.034971591805353454
