Steering,Speed
-0.06994318361070691,5.0
-0.016461859293057293,2.972833730586537
