Steering,Speed
-0.06994318361070691,8.0
-0.17761835496129302,8.0
