X,Y,Theta,Speed,Steering
0.0,0.0,0.0,0.0,0.0
16.332441423479274,-11.912056758950595,-2.6922873501878493,7.867423451861936,-0.034971591805353454
