Steering,Speed
-0.06994318361070691,8.0
0.01679033723287158,3.828506757627648
