X,Y,Theta,Speed,Steering
0.0,0.0,0.0,0.0,0.0
-4.791579471585938,-5.36014172312293,0.0,0.0,-0.034971591805353454
