X,Y,Theta,Speed,Steering
0.0,0.0,0.0,0.0,0.0
38.263659263061136,-35.143205512233536,-1.8652477787795865,5.999999999999991,-0.014174111145186498
