Steering,Speed
-0.028348222290372996,6.0
-0.4,1.49964734e-316
