X,Y,Theta,Speed,Steering
0.0,0.0,0.0,0.0,0.0
-5.36322425270767,-5.149669286427269,0.0,0.0,-0.030392932590246762
