Steering,Speed
-0.060785865180493524,6.0
0.2093983665155972,3.696095268962754
